{
	"ambientocclusion": false,
	"textures": {
		"particle": "block/grass",
		"cross": "block/grass"
	},
	"elements": [
		{
			"from": [10.5, 15, -2.5],
			"to": [10.5, 24, 13.5],
			"shade": false,
			"rotation": {"angle": 45, "axis": "y", "origin": [10.5, 24, 5.5]},
			"faces": {
				"east": {"uv": [0, 0, 16, 16], "texture": "#cross", "cullface": "up", "tintindex": 0},
				"west": {"uv": [16, 0, 0, 16], "texture": "#cross", "cullface": "up", "tintindex": 0}
			}
		},
		{
			"from": [0.5, 15, 13],
			"to": [16.5, 25, 13],
			"shade": false,
			"rotation": {"angle": 22.5, "axis": "y", "origin": [8.5, 25, 13]},
			"faces": {
				"north": {"uv": [16, 0, 0, 16], "texture": "#cross", "cullface": "up", "tintindex": 0},
				"south": {"uv": [0, 0, 16, 16], "texture": "#cross", "cullface": "up", "tintindex": 0}
			}
		},
		{
			"from": [3, 15, -0.5],
			"to": [3, 26, 15.5],
			"shade": false,
			"rotation": {"angle": -22.5, "axis": "y", "origin": [3, 26, 7.5]},
			"faces": {
				"east": {"uv": [16, 0, 0, 16], "texture": "#cross", "cullface": "up", "tintindex": 0},
				"west": {"uv": [0, 0, 16, 16], "texture": "#cross", "cullface": "up", "tintindex": 0}
			}
		},
		{
			"from": [0, 5.5, 0],
			"to": [16, 16.5, 0],
			"shade": false,
			"rotation": {"angle": 22.5, "axis": "x", "origin": [8, 16, 0]},
			"faces": {
				"north": {"uv": [16, 0, 0, 16], "rotation": 180, "texture": "#cross", "cullface": "north", "tintindex": 0},
				"south": {"uv": [0, 0, 16, 16], "rotation": 180, "texture": "#cross", "cullface": "north", "tintindex": 0}
			}
		},
		{
			"from": [0, 5.5, 16],
			"to": [16, 16.5, 16],
			"shade": false,
			"rotation": {"angle": -22.5, "axis": "x", "origin": [8, 16, 16]},
			"faces": {
				"north": {"uv": [16, 0, 0, 16], "rotation": 180, "texture": "#cross", "cullface": "south", "tintindex": 0},
				"south": {"uv": [0, 0, 16, 16], "rotation": 180, "texture": "#cross", "cullface": "south", "tintindex": 0}
			}
		},
		{
			"from": [0, 7.5, 0],
			"to": [0, 16.5, 16],
			"shade": false,
			"rotation": {"angle": -22.5, "axis": "z", "origin": [0, 16, 8]},
			"faces": {
				"east": {"uv": [16, 0, 0, 16], "rotation": 180, "texture": "#cross", "cullface": "west", "tintindex": 0},
				"west": {"uv": [0, 0, 16, 16], "rotation": 180, "texture": "#cross", "cullface": "west", "tintindex": 0}
			}
		},
		{
			"from": [16, 7.5, 0],
			"to": [16, 16.5, 16],
			"shade": false,
			"rotation": {"angle": 22.5, "axis": "z", "origin": [16, 16, 8]},
			"faces": {
				"east": {"uv": [16, 0, 0, 16], "rotation": 180, "texture": "#cross", "cullface": "east", "tintindex": 0},
				"west": {"uv": [0, 0, 16, 16], "rotation": 180, "texture": "#cross", "cullface": "east", "tintindex": 0}
			}
		}
	]
}