{
	"credit": "Made with Blockbench",
	"parent": "block/block",
	"ambientocclusion": false,
	"textures": {
		"0": "block/dark_oak_log",
		"1": "block/dark_oak_log_top",
		"2": "block/dark_oak_planks",
		"particle": "block/dark_oak_log"
	},
	"elements": [
		{
			"name": "Center post",
			"from": [6, 0, -2],
			"to": [10, 16, 2],
			"rotation": {"angle": 0, "axis": "y", "origin": [8, 8, 0]},
			"faces": {
				"north": {"uv": [6, 0, 10, 16], "texture": "#0"},
				"east": {"uv": [6, 0, 10, 16], "texture": "#0"},
				"south": {"uv": [6, 0, 10, 16], "texture": "#0"},
				"west": {"uv": [6, 0, 10, 16], "texture": "#0"},
				"up": {"uv": [6, 6, 10, 10], "texture": "#1", "cullface": "up"},
				"down": {"uv": [6, 6, 10, 10], "texture": "#1", "cullface": "down"}
			}
		},
		{
			"name": "Center post",
			"from": [6, 0, 14],
			"to": [10, 16, 18],
			"rotation": {"angle": 0, "axis": "y", "origin": [8, 8, 16]},
			"faces": {
				"north": {"uv": [6, 0, 10, 16], "texture": "#0"},
				"east": {"uv": [6, 0, 10, 16], "texture": "#0"},
				"south": {"uv": [6, 0, 10, 16], "texture": "#0"},
				"west": {"uv": [6, 0, 10, 16], "texture": "#0"},
				"up": {"uv": [6, 6, 10, 10], "texture": "#1", "cullface": "up"},
				"down": {"uv": [6, 6, 10, 10], "texture": "#1", "cullface": "down"}
			}
		},
		{
			"from": [9.53073, 0, 8.30448],
			"to": [10.53073, 14, 10.30448],
			"rotation": {"angle": 22.5, "axis": "y", "origin": [8, 8, 14]},
			"faces": {
				"north": {"uv": [7, 0, 8, 14], "texture": "#2"},
				"east": {"uv": [13, 0, 15, 14], "texture": "#2"},
				"south": {"uv": [7, 0, 8, 14], "texture": "#2"},
				"west": {"uv": [5, 0, 7, 14], "texture": "#2"},
				"up": {"uv": [6, 0, 7, 2], "texture": "#2"},
				"down": {"uv": [6, 0, 7, 2], "texture": "#2"}
			}
		},
		{
			"from": [5.46927, 0, 5.69552],
			"to": [6.46927, 14, 7.69552],
			"rotation": {"angle": 22.5, "axis": "y", "origin": [8, 8, 2]},
			"faces": {
				"north": {"uv": [7, 0, 8, 14], "texture": "#2"},
				"east": {"uv": [5, 0, 7, 14], "texture": "#2"},
				"south": {"uv": [7, 0, 8, 14], "texture": "#2"},
				"west": {"uv": [13, 0, 15, 14], "texture": "#2"},
				"up": {"uv": [6, 0, 7, 2], "rotation": 180, "texture": "#2"},
				"down": {"uv": [6, 0, 7, 2], "rotation": 180, "texture": "#2"}
			}
		},
		{
			"from": [8, 0, 12],
			"to": [9, 14, 14],
			"rotation": {"angle": 22.5, "axis": "y", "origin": [8, 8, 14]},
			"faces": {
				"north": {"uv": [7, 0, 8, 14], "texture": "#2"},
				"east": {"uv": [13, 0, 15, 14], "texture": "#2"},
				"south": {"uv": [7, 0, 8, 14], "texture": "#2"},
				"west": {"uv": [5, 0, 7, 14], "texture": "#2"},
				"up": {"uv": [6, 0, 7, 2], "texture": "#2"},
				"down": {"uv": [6, 0, 7, 2], "texture": "#2"}
			}
		},
		{
			"from": [7, 0, 2],
			"to": [8, 14, 4],
			"rotation": {"angle": 22.5, "axis": "y", "origin": [8, 8, 2]},
			"faces": {
				"north": {"uv": [7, 0, 8, 14], "texture": "#2"},
				"east": {"uv": [5, 0, 7, 14], "texture": "#2"},
				"south": {"uv": [7, 0, 8, 14], "texture": "#2"},
				"west": {"uv": [13, 0, 15, 14], "texture": "#2"},
				"up": {"uv": [6, 0, 7, 2], "rotation": 180, "texture": "#2"},
				"down": {"uv": [6, 0, 7, 2], "rotation": 180, "texture": "#2"}
			}
		},
		{
			"from": [8.76537, 0.001, 10.15224],
			"to": [9.76537, 14.001, 12.15224],
			"rotation": {"angle": 22.5, "axis": "y", "origin": [8, 8, 14]},
			"faces": {
				"north": {"uv": [7, 0, 8, 14], "texture": "#2"},
				"east": {"uv": [5, 0, 7, 14], "texture": "#2"},
				"south": {"uv": [7, 0, 8, 14], "texture": "#2"},
				"west": {"uv": [13, 0, 15, 14], "texture": "#2"},
				"up": {"uv": [6, 0, 7, 2], "texture": "#2"},
				"down": {"uv": [6, 0, 7, 2], "texture": "#2"}
			}
		},
		{
			"from": [6.23463, 0.001, 3.84776],
			"to": [7.23463, 14.001, 5.84776],
			"rotation": {"angle": 22.5, "axis": "y", "origin": [8, 8, 2]},
			"faces": {
				"north": {"uv": [7, 0, 8, 14], "texture": "#2"},
				"east": {"uv": [13, 0, 15, 14], "texture": "#2"},
				"south": {"uv": [7, 0, 8, 14], "texture": "#2"},
				"west": {"uv": [5, 0, 7, 14], "texture": "#2"},
				"up": {"uv": [6, 0, 7, 2], "rotation": 180, "texture": "#2"},
				"down": {"uv": [6, 0, 7, 2], "rotation": 180, "texture": "#2"}
			}
		}
	],
	"display": {
		"gui": {
			"rotation": [30, 135, 0],
			"scale": [0.625, 0.625, 0.625]
		},
		"fixed": {
			"rotation": [0, 90, 0],
			"scale": [0.5, 0.5, 0.5]
		}
	}
}