{
	"credit": "Made with Blockbench",
	"parent": "block/block",
	"ambientocclusion": false,
	"textures": {
		"particle": "block/bamboo_stalk",
		"texture": "block/bamboo_stalk"
	},
	"elements": [
		{
			"name": "Center post",
			"from": [7.5, 0, -0.5],
			"to": [8.5, 16, 0.5],
			"faces": {
				"north": {"uv": [7, 0, 8, 16], "texture": "#texture"},
				"east": {"uv": [7, 0, 8, 16], "texture": "#texture"},
				"south": {"uv": [7, 0, 8, 16], "texture": "#texture"},
				"west": {"uv": [7, 0, 8, 16], "texture": "#texture"},
				"up": {"uv": [14, 1, 15, 2], "rotation": 270, "texture": "#texture", "cullface": "up"},
				"down": {"uv": [14, 1, 15, 2], "rotation": 90, "texture": "#texture", "cullface": "down"}
			}
		},
		{
			"name": "Center post",
			"from": [7.5, 0, 15.5],
			"to": [8.5, 16, 16.5],
			"faces": {
				"north": {"uv": [7, 0, 8, 16], "texture": "#texture"},
				"east": {"uv": [7, 0, 8, 16], "texture": "#texture"},
				"south": {"uv": [7, 0, 8, 16], "texture": "#texture"},
				"west": {"uv": [7, 0, 8, 16], "texture": "#texture"},
				"up": {"uv": [14, 1, 15, 2], "rotation": 270, "texture": "#texture", "cullface": "up"},
				"down": {"uv": [14, 1, 15, 2], "rotation": 90, "texture": "#texture", "cullface": "down"}
			}
		},
		{
			"name": "Center post",
			"from": [8.5, 0, 9.25],
			"to": [9.5, 14, 10.25],
			"faces": {
				"north": {"uv": [7, 0, 8, 14], "texture": "#texture"},
				"east": {"uv": [7, 0, 8, 14], "texture": "#texture"},
				"south": {"uv": [7, 0, 8, 14], "texture": "#texture"},
				"west": {"uv": [7, 0, 8, 14], "texture": "#texture"},
				"up": {"uv": [14, 1, 15, 2], "texture": "#texture", "cullface": "up"},
				"down": {"uv": [14, 1, 15, 2], "texture": "#texture"}
			}
		},
		{
			"name": "Center post",
			"from": [6.5, 0, 5.75],
			"to": [7.5, 14, 6.75],
			"faces": {
				"north": {"uv": [7, 0, 8, 14], "texture": "#texture"},
				"east": {"uv": [7, 0, 8, 14], "texture": "#texture"},
				"south": {"uv": [7, 0, 8, 14], "texture": "#texture"},
				"west": {"uv": [7, 0, 8, 14], "texture": "#texture"},
				"up": {"uv": [14, 1, 15, 2], "rotation": 180, "texture": "#texture", "cullface": "up"},
				"down": {"uv": [14, 1, 15, 2], "rotation": 180, "texture": "#texture"}
			}
		},
		{
			"name": "Center post",
			"from": [6.5, 0, 12.25],
			"to": [7.5, 12, 13.25],
			"faces": {
				"north": {"uv": [10, 0, 11, 12], "texture": "#texture"},
				"east": {"uv": [10, 0, 11, 12], "texture": "#texture"},
				"south": {"uv": [10, 0, 11, 12], "texture": "#texture"},
				"west": {"uv": [10, 0, 11, 12], "texture": "#texture"},
				"up": {"uv": [14, 1, 15, 2], "texture": "#texture", "cullface": "up"},
				"down": {"uv": [14, 1, 15, 2], "texture": "#texture"}
			}
		},
		{
			"name": "Center post",
			"from": [8.5, 0, 2.75],
			"to": [9.5, 12, 3.75],
			"faces": {
				"north": {"uv": [10, 0, 11, 12], "texture": "#texture"},
				"east": {"uv": [10, 0, 11, 12], "texture": "#texture"},
				"south": {"uv": [10, 0, 11, 12], "texture": "#texture"},
				"west": {"uv": [10, 0, 11, 12], "texture": "#texture"},
				"up": {"uv": [14, 1, 15, 2], "rotation": 180, "texture": "#texture", "cullface": "up"},
				"down": {"uv": [14, 1, 15, 2], "rotation": 180, "texture": "#texture"}
			}
		}
	],
	"display": {
		"gui": {
			"rotation": [30, 135, 0],
			"scale": [0.625, 0.625, 0.625]
		},
		"fixed": {
			"rotation": [0, 90, 0],
			"scale": [0.5, 0.5, 0.5]
		}
	}
}