{
	"ambientocclusion": false,
	"textures": {
		"particle": "block/extra/flower_pot",
		"flowerpot": "block/extra/flower_pot",
		"dirt": "block/dirt"
	},
	"elements": [
		{
			"from": [5, 4, 5],
			"to": [6, 6, 11],
			"faces": {
				"north": {"uv": [6, 9, 7, 11], "texture": "#flowerpot"},
				"east": {"uv": [9, 9, 15, 11], "texture": "#flowerpot"},
				"south": {"uv": [1, 9, 2, 11], "texture": "#flowerpot"},
				"west": {"uv": [1, 9, 7, 11], "texture": "#flowerpot"},
				"up": {"uv": [9, 1, 10, 7], "texture": "#flowerpot"},
				"down": {"uv": [9, 1, 10, 7], "texture": "#flowerpot"}
			}
		},
		{
			"from": [10, 4, 5],
			"to": [11, 6, 11],
			"faces": {
				"north": {"uv": [1, 9, 2, 11], "texture": "#flowerpot"},
				"east": {"uv": [1, 9, 7, 11], "texture": "#flowerpot"},
				"south": {"uv": [6, 9, 7, 11], "texture": "#flowerpot"},
				"west": {"uv": [9, 9, 15, 11], "texture": "#flowerpot"},
				"up": {"uv": [14, 1, 15, 7], "texture": "#flowerpot"},
				"down": {"uv": [14, 1, 15, 7], "texture": "#flowerpot"}
			}
		},
		{
			"from": [6, 4, 5],
			"to": [10, 6, 6],
			"faces": {
				"north": {"uv": [2, 9, 6, 11], "texture": "#flowerpot"},
				"south": {"uv": [10, 9, 14, 11], "texture": "#flowerpot"},
				"up": {"uv": [10, 1, 14, 2], "texture": "#flowerpot"},
				"down": {"uv": [10, 6, 14, 7], "texture": "#flowerpot"}
			}
		},
		{
			"from": [6, 4, 10],
			"to": [10, 6, 11],
			"faces": {
				"north": {"uv": [10, 9, 14, 11], "texture": "#flowerpot"},
				"south": {"uv": [2, 9, 6, 11], "texture": "#flowerpot"},
				"up": {"uv": [10, 6, 14, 7], "texture": "#flowerpot"},
				"down": {"uv": [10, 1, 14, 2], "texture": "#flowerpot"}
			}
		},
		{
			"from": [5.5, 0, 5.5],
			"to": [10.5, 4, 10.5],
			"faces": {
				"north": {"uv": [1.5, 11, 6.5, 15], "texture": "#flowerpot"},
				"east": {"uv": [9.5, 11, 14.5, 15], "texture": "#flowerpot"},
				"south": {"uv": [1.5, 11, 6.5, 15], "texture": "#flowerpot"},
				"west": {"uv": [9.5, 11, 14.5, 15], "texture": "#flowerpot"},
				"up": {"uv": [5.5, 5.5, 10.5, 10.5], "texture": "#dirt"},
				"down": {"uv": [1.5, 1.5, 6.5, 6.5], "texture": "#flowerpot", "cullface": "down"}
			}
		},
		{
			"from": [2.6, 4, 8],
			"to": [13.4, 16, 8],
			"rotation": {"angle": 45, "axis": "y", "origin": [8, 8, 8], "rescale": true},
			"faces": {
				"north": {"uv": [0, 0, 16, 16], "texture": "#plant"},
				"south": {"uv": [0, 0, 16, 16], "texture": "#plant"}
			}
		},
		{
			"from": [8, 4, 2.6],
			"to": [8, 16, 13.4],
			"rotation": {"angle": 45, "axis": "y", "origin": [8, 8, 8], "rescale": true},
			"faces": {
				"east": {"uv": [0, 0, 16, 16], "texture": "#plant"},
				"west": {"uv": [0, 0, 16, 16], "texture": "#plant"}
			}
		}
	]
}