{
	"parent": "block/block",
	"ambientocclusion": false,
	"textures": {
		"particle": "#all"
	},
	"elements": [
		{
			"from": [0, 0, 0],
			"to": [16, 16, 16],
			"faces": {
				"east": {"uv": [0, 0, 16, 16], "texture": "#all", "cullface": "east", "tintindex": 0},
				"west": {"uv": [16, 0, 0, 16], "texture": "#all", "cullface": "west", "tintindex": 0},
				"up": {"uv": [0, 0, 16, 16], "texture": "#all", "cullface": "up", "tintindex": 0}
			}
		},
		{
			"from": [8, -4, -7],
			"to": [8, 22, 23],
			"shade": false,
			"rotation": {"angle": -45, "axis": "y", "origin": [8, 9, 8]},
			"faces": {
				"east": {"uv": [16, 0, 0, 16], "texture": "#extra", "tintindex": 0},
				"west": {"uv": [0, 0, 16, 16], "texture": "#extra", "tintindex": 0}
			}
		},
		{
			"from": [-7, -6, 8],
			"to": [23, 20, 8],
			"shade": false,
			"rotation": {"angle": -45, "axis": "y", "origin": [8, 7, 8]},
			"faces": {
				"north": {"uv": [0, 0, 16, 16], "texture": "#extra", "tintindex": 0},
				"south": {"uv": [16, 0, 0, 16], "texture": "#extra", "tintindex": 0}
			}
		},
		{
			"from": [-4, 8, -10],
			"to": [22, 8, 18],
			"shade": false,
			"rotation": {"angle": -45, "axis": "x", "origin": [9, 8, 6]},
			"faces": {
				"up": {"uv": [0, 0, 16, 16], "rotation": 180, "texture": "#extra", "tintindex": 0},
				"down": {"uv": [16, 0, 0, 16], "texture": "#extra", "tintindex": 0}
			}
		},
		{
			"from": [-4, -5, 10],
			"to": [22, 23, 10],
			"shade": false,
			"rotation": {"angle": -45, "axis": "x", "origin": [9, 11, 10]},
			"faces": {
				"north": {"uv": [0, 0, 16, 16], "texture": "#extra", "tintindex": 0},
				"south": {"uv": [16, 0, 0, 16], "texture": "#extra", "tintindex": 0}
			}
		}
	]
}