{
	"textures": {
		"particle": "block/dripstone_block",
		"stone": "block/dripstone_block"
	},
	"elements": [
		{
			"from": [5, 0, 2],
			"to": [11, 4, 14],
			"rotation": {"angle": 0, "axis": "y", "origin": [8, 0, 8]},
			"faces": {
				"north": {"uv": [5, 12, 11, 16], "texture": "#stone"},
				"east": {"uv": [2, 12, 14, 16], "texture": "#stone"},
				"south": {"uv": [5, 12, 11, 16], "texture": "#stone"},
				"west": {"uv": [2, 12, 14, 16], "texture": "#stone"},
				"up": {"uv": [5, 2, 11, 14], "texture": "#stone"},
				"down": {"uv": [5, 2, 11, 14], "texture": "#stone", "cullface": "down"}
			}
		},
		{
			"from": [2, 0, 5],
			"to": [14, 8, 11],
			"rotation": {"angle": 0, "axis": "y", "origin": [8, 0, 8]},
			"faces": {
				"north": {"uv": [2, 8, 14, 16], "texture": "#stone"},
				"east": {"uv": [5, 8, 11, 16], "texture": "#stone"},
				"south": {"uv": [2, 8, 14, 16], "texture": "#stone"},
				"west": {"uv": [5, 8, 11, 16], "texture": "#stone"},
				"up": {"uv": [2, 5, 14, 11], "texture": "#stone"},
				"down": {"uv": [2, 5, 14, 11], "texture": "#stone", "cullface": "down"}
			}
		},
		{
			"from": [6, 4, 4],
			"to": [10, 16, 12],
			"rotation": {"angle": 0, "axis": "y", "origin": [8, 0, 8]},
			"faces": {
				"north": {"uv": [6, 0, 10, 12], "texture": "#stone"},
				"east": {"uv": [4, 0, 12, 12], "texture": "#stone"},
				"south": {"uv": [6, 0, 10, 12], "texture": "#stone"},
				"west": {"uv": [4, 0, 12, 12], "texture": "#stone"},
				"up": {"uv": [6, 4, 10, 12], "texture": "#stone", "cullface": "up"}
			}
		},
		{
			"from": [4, 8, 6],
			"to": [12, 16, 10],
			"rotation": {"angle": 0, "axis": "y", "origin": [8, 0, 8]},
			"faces": {
				"north": {"uv": [4, 0, 12, 8], "texture": "#stone"},
				"east": {"uv": [6, 0, 10, 8], "texture": "#stone"},
				"south": {"uv": [4, 0, 12, 8], "texture": "#stone"},
				"west": {"uv": [6, 0, 10, 8], "texture": "#stone"},
				"up": {"uv": [4, 6, 12, 10], "texture": "#stone", "cullface": "up"}
			}
		}
	]
}