{
	"textures": {
		"particle": "block/dripstone_block",
		"stone": "block/dripstone_block"
	},
	"elements": [
		{
			"from": [6, 0, 4],
			"to": [10, 4, 12],
			"rotation": {"angle": 0, "axis": "y", "origin": [8, 0, 8]},
			"faces": {
				"north": {"uv": [6, 12, 10, 16], "texture": "#stone"},
				"east": {"uv": [4, 12, 12, 16], "texture": "#stone"},
				"south": {"uv": [6, 12, 10, 16], "texture": "#stone"},
				"west": {"uv": [4, 12, 12, 16], "texture": "#stone"},
				"up": {"uv": [6, 4, 10, 12], "texture": "#stone"},
				"down": {"uv": [6, 4, 10, 12], "texture": "#stone", "cullface": "down"}
			}
		},
		{
			"from": [4, 0, 6],
			"to": [12, 8, 10],
			"rotation": {"angle": 0, "axis": "y", "origin": [8, 0, 8]},
			"faces": {
				"north": {"uv": [4, 8, 12, 16], "texture": "#stone"},
				"east": {"uv": [6, 8, 10, 16], "texture": "#stone"},
				"south": {"uv": [4, 8, 12, 16], "texture": "#stone"},
				"west": {"uv": [6, 8, 10, 16], "texture": "#stone"},
				"up": {"uv": [4, 6, 12, 10], "texture": "#stone"},
				"down": {"uv": [4, 6, 12, 10], "texture": "#stone", "cullface": "down"}
			}
		},
		{
			"from": [7, 4, 5],
			"to": [9, 16, 11],
			"rotation": {"angle": 0, "axis": "y", "origin": [8, 0, 8]},
			"faces": {
				"north": {"uv": [7, 0, 9, 12], "texture": "#stone"},
				"east": {"uv": [5, 0, 11, 12], "texture": "#stone"},
				"south": {"uv": [7, 0, 9, 12], "texture": "#stone"},
				"west": {"uv": [5, 0, 11, 12], "texture": "#stone"},
				"up": {"uv": [7, 5, 9, 11], "texture": "#stone", "cullface": "up"}
			}
		},
		{
			"from": [5, 8, 7],
			"to": [11, 16, 9],
			"rotation": {"angle": 0, "axis": "y", "origin": [8, 0, 8]},
			"faces": {
				"north": {"uv": [5, 0, 11, 8], "texture": "#stone"},
				"east": {"uv": [7, 0, 9, 8], "texture": "#stone"},
				"south": {"uv": [5, 0, 11, 8], "texture": "#stone"},
				"west": {"uv": [7, 0, 9, 8], "texture": "#stone"},
				"up": {"uv": [5, 7, 11, 9], "texture": "#stone", "cullface": "up"}
			}
		}
	]
}