{
	"textures": {
		"particle": "block/dripstone_block",
		"stone": "block/dripstone_block"
	},
	"elements": [
		{
			"from": [5, 12, 2],
			"to": [11, 16, 14],
			"rotation": {"angle": 0, "axis": "y", "origin": [8, 0, 8]},
			"faces": {
				"north": {"uv": [5, 0, 11, 4], "texture": "#stone"},
				"east": {"uv": [2, 0, 14, 4], "texture": "#stone"},
				"south": {"uv": [5, 0, 11, 4], "texture": "#stone"},
				"west": {"uv": [2, 0, 14, 4], "texture": "#stone"},
				"up": {"uv": [5, 2, 11, 14], "texture": "#stone", "cullface": "up"},
				"down": {"uv": [5, 2, 11, 14], "texture": "#stone"}
			}
		},
		{
			"from": [2, 8, 5],
			"to": [14, 16, 11],
			"rotation": {"angle": 0, "axis": "y", "origin": [8, 0, 8]},
			"faces": {
				"north": {"uv": [2, 0, 14, 8], "texture": "#stone"},
				"east": {"uv": [5, 0, 11, 8], "texture": "#stone"},
				"south": {"uv": [2, 0, 14, 8], "texture": "#stone"},
				"west": {"uv": [5, 0, 11, 8], "texture": "#stone"},
				"up": {"uv": [2, 5, 14, 11], "texture": "#stone", "cullface": "up"},
				"down": {"uv": [2, 5, 14, 11], "texture": "#stone"}
			}
		},
		{
			"from": [6, 0, 4],
			"to": [10, 12, 12],
			"rotation": {"angle": 0, "axis": "y", "origin": [8, 0, 8]},
			"faces": {
				"north": {"uv": [6, 4, 10, 16], "texture": "#stone"},
				"east": {"uv": [4, 4, 12, 16], "texture": "#stone"},
				"south": {"uv": [6, 4, 10, 16], "texture": "#stone"},
				"west": {"uv": [4, 4, 12, 16], "texture": "#stone"},
				"down": {"uv": [6, 4, 10, 12], "texture": "#stone", "cullface": "down"}
			}
		},
		{
			"from": [4, 0, 6],
			"to": [12, 8, 10],
			"rotation": {"angle": 0, "axis": "y", "origin": [8, 0, 8]},
			"faces": {
				"north": {"uv": [4, 8, 12, 16], "texture": "#stone"},
				"east": {"uv": [6, 8, 10, 16], "texture": "#stone"},
				"south": {"uv": [4, 8, 12, 16], "texture": "#stone"},
				"west": {"uv": [6, 8, 10, 16], "texture": "#stone"},
				"down": {"uv": [4, 6, 12, 10], "texture": "#stone", "cullface": "down"}
			}
		}
	]
}