{
	"ambientocclusion": false,
	"textures": {
		"particle": "block/powered_rail_on",
		"rail": "block/powered_rail_on",
		"rail2": "block/rail",
		"extra": "block/extra/powered_rail_extra"
	},
	"elements": [
		{
			"from": [1, 0, 1.5],
			"to": [15, 0.6, 3.5],
			"rotation": {"angle": 0, "axis": "y", "origin": [8, 8, 8]},
			"faces": {
				"north": {"uv": [1, 3, 15, 3.5], "texture": "#rail2"},
				"east": {"uv": [1, 1.5, 1.5, 3.5], "rotation": 270, "texture": "#rail2"},
				"south": {"uv": [1, 1.5, 15, 2], "texture": "#rail2"},
				"west": {"uv": [14.5, 1.5, 15, 3.5], "rotation": 90, "texture": "#rail2"},
				"down": {"uv": [1, 12.5, 15, 14.5], "texture": "#rail2", "cullface": "down"}
			}
		},
		{
			"from": [1, 0, 7],
			"to": [15, 0.6, 9],
			"rotation": {"angle": 0, "axis": "y", "origin": [8, 8, 8]},
			"faces": {
				"north": {"uv": [1, 8.5, 15, 9], "texture": "#rail2"},
				"east": {"uv": [1, 7, 1.5, 9], "rotation": 270, "texture": "#rail2"},
				"south": {"uv": [1, 7, 15, 7.5], "texture": "#rail2"},
				"west": {"uv": [14.5, 7, 15, 9], "rotation": 90, "texture": "#rail2"},
				"down": {"uv": [1, 7, 15, 9], "texture": "#rail2", "cullface": "down"}
			}
		},
		{
			"from": [1, 0, 12.5],
			"to": [15, 0.6, 14.5],
			"rotation": {"angle": 0, "axis": "y", "origin": [8, 8, 8]},
			"faces": {
				"north": {"uv": [1, 14, 15, 14.5], "texture": "#rail2"},
				"east": {"uv": [1, 12.5, 1.5, 14.5], "rotation": 270, "texture": "#rail2"},
				"south": {"uv": [1, 12, 15, 12.5], "texture": "#rail2"},
				"west": {"uv": [14.5, 12.5, 15, 14.5], "rotation": 90, "texture": "#rail2"},
				"down": {"uv": [1, 1.5, 15, 3.5], "texture": "#rail2", "cullface": "down"}
			}
		},
		{
			"from": [2.25, 0.6, 0],
			"to": [3.75, 1.225, 16],
			"rotation": {"angle": 0, "axis": "y", "origin": [8, 8, 8]},
			"faces": {
				"north": {"uv": [2, 0, 3.5, 0.5], "rotation": 180, "texture": "#rail", "cullface": "north"},
				"east": {"uv": [3, 16, 3.5, 0], "rotation": 270, "texture": "#rail"},
				"south": {"uv": [2, 15.5, 3.5, 16], "texture": "#rail", "cullface": "south"},
				"west": {"uv": [2, 16, 2.5, 0], "rotation": 90, "texture": "#rail"},
				"up": {"uv": [2, 0, 3.5, 16], "texture": "#rail"}
			}
		},
		{
			"from": [12.25, 0.6, 0],
			"to": [13.75, 1.225, 16],
			"rotation": {"angle": 0, "axis": "y", "origin": [8, 8, 8]},
			"faces": {
				"north": {"uv": [12, 0, 13.5, 0.5], "rotation": 180, "texture": "#rail", "cullface": "north"},
				"east": {"uv": [13, 16, 13.5, 0], "rotation": 270, "texture": "#rail"},
				"south": {"uv": [12, 15.5, 13.5, 16], "texture": "#rail", "cullface": "south"},
				"west": {"uv": [12, 16, 12.5, 0], "rotation": 90, "texture": "#rail"},
				"up": {"uv": [12, 0, 13.5, 16], "texture": "#rail"}
			}
		},
		{
			"from": [6, 0.2, 0],
			"to": [10, 0.2, 16],
			"rotation": {"angle": 0, "axis": "y", "origin": [8, 8, 8]},
			"faces": {
				"up": {"uv": [6, 0, 10, 16], "texture": "#rail"},
				"down": {"uv": [6, 16, 10, 0], "texture": "#rail"}
			}
		},
		{
			"from": [0, 0.6, 0],
			"to": [16, 0.6, 16],
			"rotation": {"angle": 0, "axis": "y", "origin": [8, 8, 8]},
			"faces": {
				"up": {"uv": [0, 0, 16, 16], "texture": "#rail"},
				"down": {"uv": [0, 16, 16, 0], "texture": "#rail"}
			}
		},
		{
			"from": [0, 1, 0],
			"to": [16, 1, 16],
			"rotation": {"angle": 0, "axis": "y", "origin": [8, 8, 8]},
			"faces": {
				"up": {"uv": [0, 0, 16, 16], "texture": "#extra"},
				"down": {"uv": [0, 16, 16, 0], "texture": "#extra"}
			}
		}
	]
}