{
	"ambientocclusion": false,
	"elements": [
		{
			"from": [7.01, 0, 8],
			"to": [8.99, 0.99, 16],
			"shade": false,
			"faces": {
				"east": {"uv": [8, 8, 9, 16], "rotation": 90, "texture": "#line", "tintindex": 0},
				"south": {"uv": [7, 15, 9, 16], "texture": "#line", "tintindex": 0},
				"west": {"uv": [7, 8, 8, 16], "rotation": 270, "texture": "#line", "tintindex": 0},
				"up": {"uv": [7, 8, 9, 16], "texture": "#line", "tintindex": 0},
				"down": {"uv": [7, 8, 9, 16], "texture": "#line", "tintindex": 0}
			}
		}
	]
}