{
	"ambientocclusion": false,
	"elements": [
		{
			"from": [7.01, 0, 0],
			"to": [8.99, 0.99, 8],
			"shade": false,
			"faces": {
				"north": {"uv": [7, 0, 9, 1], "texture": "#line", "tintindex": 0},
				"east": {"uv": [8, 0, 9, 8], "rotation": 90, "texture": "#line", "tintindex": 0},
				"west": {"uv": [7, 0, 8, 8], "rotation": 270, "texture": "#line", "tintindex": 0},
				"up": {"uv": [7, 0, 9, 8], "texture": "#line", "tintindex": 0},
				"down": {"uv": [7, 0, 9, 8], "texture": "#line", "tintindex": 0}
			}
		}
	]
}