{
	"ambientocclusion": false,
	"textures": {
		"particle": "block/redstone_dust_dot",
		"line": "block/redstone_dust_dot"
	},
	"elements": [
		{
			"from": [7, 0, 7],
			"to": [9, 1, 9],
			"shade": false,
			"faces": {
				"north": {"uv": [7, 7, 9, 8], "rotation": 180, "texture": "#line", "tintindex": 0},
				"east": {"uv": [8, 7, 9, 9], "rotation": 90, "texture": "#line", "tintindex": 0},
				"south": {"uv": [7, 8, 9, 9], "texture": "#line", "tintindex": 0},
				"west": {"uv": [7, 7, 8, 9], "rotation": 270, "texture": "#line", "tintindex": 0},
				"up": {"uv": [7, 7, 9, 9], "texture": "#line", "tintindex": 0},
				"down": {"uv": [7, 7, 9, 9], "texture": "#line", "tintindex": 0}
			}
		}
	]
}