{
	"ambientocclusion": false,
	"textures": {
		"particle": "block/small_amethyst_bud",
		"crystal": "block/small_amethyst_bud"
	},
	"elements": [
		{
			"from": [9, 0, 0],
			"to": [9, 16, 18],
			"shade": false,
			"rotation": {"angle": -22.5, "axis": "y", "origin": [9, 0, 9]},
			"faces": {
				"east": {"uv": [0, 0, 16, 16], "texture": "#crystal"},
				"west": {"uv": [16, 0, 0, 16], "texture": "#crystal"}
			}
		},
		{
			"from": [2, 0, 7],
			"to": [18, 14, 7],
			"shade": false,
			"rotation": {"angle": -22.5, "axis": "y", "origin": [10, 0, 7]},
			"faces": {
				"north": {"uv": [0, 0, 16, 16], "texture": "#crystal"},
				"south": {"uv": [16, 0, 0, 16], "texture": "#crystal"}
			}
		},
		{
			"from": [2, 0, 12],
			"to": [12, 10, 12],
			"shade": false,
			"rotation": {"angle": 22.5, "axis": "y", "origin": [7, 0, 12]},
			"faces": {
				"north": {"uv": [16, 0, 0, 16], "texture": "#crystal"},
				"south": {"uv": [0, 0, 16, 16], "texture": "#crystal"}
			}
		}
	]
}