{
	"ambientocclusion": false,
	"textures": {
		"particle": "block/sugar_cane",
		"cross": "block/sugar_cane"
	},
	"elements": [
		{
			"from": [13.25, 0, 1.25],
			"to": [14.75, 16, 2.75],
			"shade": false,
			"rotation": {"angle": 0, "axis": "y", "origin": [14, 8, 2]},
			"faces": {
				"north": {"uv": [1, 0, 2.5, 16], "texture": "#cross", "tintindex": 0},
				"east": {"uv": [1, 0, 2.5, 16], "texture": "#cross", "tintindex": 0},
				"south": {"uv": [1, 0, 2.5, 16], "texture": "#cross", "tintindex": 0},
				"west": {"uv": [1, 0, 2.5, 16], "texture": "#cross", "tintindex": 0},
				"up": {"uv": [13, 0, 14.5, 1.5], "texture": "#cross", "tintindex": 0},
				"down": {"uv": [1, 0, 2.5, 1.5], "texture": "#cross", "tintindex": 0}
			}
		},
		{
			"from": [9.25, -4, 4.25],
			"to": [10.75, 12, 5.75],
			"shade": false,
			"rotation": {"angle": 0, "axis": "y", "origin": [10, 4, 5]},
			"faces": {
				"north": {"uv": [5, 0, 6.5, 16], "texture": "#cross", "tintindex": 0},
				"east": {"uv": [5, 0, 6.5, 16], "texture": "#cross", "tintindex": 0},
				"south": {"uv": [5, 0, 6.5, 16], "texture": "#cross", "tintindex": 0},
				"west": {"uv": [5, 0, 6.5, 16], "texture": "#cross", "tintindex": 0},
				"up": {"uv": [9, 0, 10.5, 1.5], "texture": "#cross", "tintindex": 0},
				"down": {"uv": [5, 0, 6.5, 1.5], "texture": "#cross", "tintindex": 0}
			}
		},
		{
			"from": [4.25, 0, 5.25],
			"to": [5.75, 16, 6.75],
			"shade": false,
			"rotation": {"angle": 0, "axis": "y", "origin": [5, 8, 6]},
			"faces": {
				"north": {"uv": [9, 0, 10.5, 16], "texture": "#cross", "tintindex": 0},
				"east": {"uv": [9, 0, 10.5, 16], "texture": "#cross", "tintindex": 0},
				"south": {"uv": [9, 0, 10.5, 16], "texture": "#cross", "tintindex": 0},
				"west": {"uv": [9, 0, 10.5, 16], "texture": "#cross", "tintindex": 0},
				"up": {"uv": [5, 0, 6.5, 1.5], "texture": "#cross", "tintindex": 0},
				"down": {"uv": [9, 0, 10.5, 1.5], "texture": "#cross", "tintindex": 0}
			}
		},
		{
			"from": [1.25, -8, 1.25],
			"to": [2.75, 8, 2.75],
			"shade": false,
			"rotation": {"angle": 0, "axis": "y", "origin": [2, 0, 2]},
			"faces": {
				"north": {"uv": [13, 0, 14.5, 16], "texture": "#cross", "tintindex": 0},
				"east": {"uv": [13, 0, 14.5, 16], "texture": "#cross", "tintindex": 0},
				"south": {"uv": [13, 0, 14.5, 16], "texture": "#cross", "tintindex": 0},
				"west": {"uv": [13, 0, 14.5, 16], "texture": "#cross", "tintindex": 0},
				"up": {"uv": [1, 0, 2.5, 1.5], "texture": "#cross", "tintindex": 0},
				"down": {"uv": [13, 0, 14.5, 1.5], "texture": "#cross", "tintindex": 0}
			}
		},
		{
			"from": [13.25, -8, 13.25],
			"to": [14.75, 8, 14.75],
			"shade": false,
			"rotation": {"angle": 0, "axis": "y", "origin": [14, 0, 14]},
			"faces": {
				"north": {"uv": [13, 0, 14.5, 16], "texture": "#cross", "tintindex": 0},
				"east": {"uv": [13, 0, 14.5, 16], "texture": "#cross", "tintindex": 0},
				"south": {"uv": [13, 0, 14.5, 16], "texture": "#cross", "tintindex": 0},
				"west": {"uv": [13, 0, 14.5, 16], "texture": "#cross", "tintindex": 0},
				"up": {"uv": [13, 14.5, 14.5, 16], "texture": "#cross", "tintindex": 0},
				"down": {"uv": [1, 14.5, 2.5, 16], "texture": "#cross", "tintindex": 0}
			}
		},
		{
			"from": [10.25, 0, 9.25],
			"to": [11.75, 16, 10.75],
			"shade": false,
			"rotation": {"angle": 0, "axis": "y", "origin": [11, 8, 10]},
			"faces": {
				"north": {"uv": [9, 0, 10.5, 16], "texture": "#cross", "tintindex": 0},
				"east": {"uv": [9, 0, 10.5, 16], "texture": "#cross", "tintindex": 0},
				"south": {"uv": [9, 0, 10.5, 16], "texture": "#cross", "tintindex": 0},
				"west": {"uv": [9, 0, 10.5, 16], "texture": "#cross", "tintindex": 0},
				"up": {"uv": [9, 14.5, 10.5, 16], "texture": "#cross", "tintindex": 0},
				"down": {"uv": [5, 14.5, 6.5, 16], "texture": "#cross", "tintindex": 0}
			}
		},
		{
			"from": [5.25, -4, 10.25],
			"to": [6.75, 12, 11.75],
			"shade": false,
			"rotation": {"angle": 0, "axis": "y", "origin": [6, 4, 11]},
			"faces": {
				"north": {"uv": [5, 0, 6.5, 16], "texture": "#cross", "tintindex": 0},
				"east": {"uv": [5, 0, 6.5, 16], "texture": "#cross", "tintindex": 0},
				"south": {"uv": [5, 0, 6.5, 16], "texture": "#cross", "tintindex": 0},
				"west": {"uv": [5, 0, 6.5, 16], "texture": "#cross", "tintindex": 0},
				"up": {"uv": [5, 14.5, 6.5, 16], "texture": "#cross", "tintindex": 0},
				"down": {"uv": [9, 14.5, 10.5, 16], "texture": "#cross", "tintindex": 0}
			}
		},
		{
			"from": [1.25, 0, 13.25],
			"to": [2.75, 16, 14.75],
			"shade": false,
			"rotation": {"angle": 0, "axis": "y", "origin": [2, 8, 14]},
			"faces": {
				"north": {"uv": [1, 0, 2.5, 16], "texture": "#cross", "tintindex": 0},
				"east": {"uv": [1, 0, 2.5, 16], "texture": "#cross", "tintindex": 0},
				"south": {"uv": [1, 0, 2.5, 16], "texture": "#cross", "tintindex": 0},
				"west": {"uv": [1, 0, 2.5, 16], "texture": "#cross", "tintindex": 0},
				"up": {"uv": [1, 14.5, 2.5, 16], "texture": "#cross", "tintindex": 0},
				"down": {"uv": [13, 14.5, 14.5, 16], "texture": "#cross", "tintindex": 0}
			}
		}
	]
}