{
	"ambientocclusion": false,
	"textures": {
		"cross": "block/sunflower_top",
		"back": "block/sunflower_back",
		"particle": "block/sunflower_front",
		"front": "block/sunflower_front"
	},
	"elements": [
		{
			"from": [0, 0, 8],
			"to": [16, 4, 8],
			"shade": false,
			"rotation": {"angle": 45, "axis": "y", "origin": [8, 8, 8]},
			"faces": {
				"north": {"uv": [0, 8, 16, 16], "texture": "#cross"},
				"south": {"uv": [16, 8, 0, 16], "texture": "#cross"}
			}
		},
		{
			"from": [8, 0, 0],
			"to": [8, 4, 16],
			"shade": false,
			"rotation": {"angle": 45, "axis": "y", "origin": [8, 8, 8]},
			"faces": {
				"east": {"uv": [0, 8, 16, 16], "texture": "#cross"},
				"west": {"uv": [16, 8, 0, 16], "texture": "#cross"}
			}
		},
		{
			"from": [9, -3, 1],
			"to": [9, 11, 15],
			"shade": false,
			"rotation": {"angle": 22.5, "axis": "z", "origin": [8, 4, 8]},
			"faces": {
				"east": {"uv": [0, 0, 16, 16], "texture": "#front"},
				"west": {"uv": [0, 0, 16, 16], "texture": "#back"}
			}
		},
		{
			"from": [8, 2.5, 6.5],
			"to": [9, 5.5, 9.5],
			"shade": false,
			"rotation": {"angle": 22.5, "axis": "z", "origin": [8, 4, 8]},
			"faces": {
				"north": {"uv": [5.5, 6.5, 6.5, 9.5], "texture": "#back"},
				"south": {"uv": [9.5, 6.5, 10.5, 9.5], "texture": "#back"},
				"west": {"uv": [6.5, 6.5, 9.5, 9.5], "texture": "#back"},
				"up": {"uv": [6.5, 5.5, 9.5, 6.5], "rotation": 90, "texture": "#back"},
				"down": {"uv": [6.5, 9.5, 9.5, 10.5], "rotation": 270, "texture": "#back"}
			}
		}
	]
}