{
	"textures": {
		"bottom": "block/cake_bottom",
		"particle": "block/cake_side",
		"side": "block/cake_side",
		"top": "block/cake_top",
		"flame": "block/extra/candle_wick"
	},
	"elements": [
		{
			"from": [1, 0, 1],
			"to": [15, 8, 15],
			"faces": {
				"north": {"uv": [1, 8, 15, 16], "texture": "#side"},
				"east": {"uv": [1, 8, 15, 16], "texture": "#side"},
				"south": {"uv": [1, 8, 15, 16], "texture": "#side"},
				"west": {"uv": [1, 8, 15, 16], "texture": "#side"},
				"up": {"uv": [1, 1, 15, 15], "texture": "#top"},
				"down": {"uv": [1, 1, 15, 15], "texture": "#bottom", "cullface": "down"}
			}
		},
		{
			"from": [7, 8, 7],
			"to": [9, 14, 9],
			"rotation": {"angle": 0, "axis": "y", "origin": [8, 8, 8]},
			"faces": {
				"north": {"uv": [2, 0, 4, 6], "texture": "#candle"},
				"east": {"uv": [2, 8, 4, 14], "texture": "#candle"},
				"south": {"uv": [2, 0, 4, 6], "texture": "#candle"},
				"west": {"uv": [2, 8, 4, 14], "texture": "#candle"},
				"up": {"uv": [14, 0, 16, 2], "texture": "#candle"},
				"down": {"uv": [14, 8, 16, 10], "texture": "#candle"}
			}
		},
		{
			"from": [7, 14, 8],
			"to": [9, 17.5, 8],
			"shade": false,
			"rotation": {"angle": 45, "axis": "y", "origin": [8, 14, 8]},
			"faces": {
				"north": {"uv": [0, 0, 8, 16], "texture": "#flame"},
				"south": {"uv": [8, 0, 0, 16], "texture": "#flame"}
			}
		},
		{
			"from": [8, 14, 7],
			"to": [8, 17.5, 9],
			"shade": false,
			"rotation": {"angle": 45, "axis": "y", "origin": [8, 14, 8]},
			"faces": {
				"east": {"uv": [16, 0, 8, 16], "texture": "#flame"},
				"west": {"uv": [8, 0, 16, 16], "texture": "#flame"}
			}
		}
	]
}