{
    "multipart": [
        {   "when": { "age": "0" },
            "apply": [
                { "model": "block/beetroots_stage0" },
                { "model": "block/beetroots_stage0", "y": 180 },
                { "model": "block/beetroots_stage0_2" },
                { "model": "block/beetroots_stage0_2", "y": 180 }
            ]
        },
        {   "when": { "age": "1" },
            "apply": [
                { "model": "block/beetroots_stage1" },
                { "model": "block/beetroots_stage1", "y": 180 },
                { "model": "block/beetroots_stage1_2" },
                { "model": "block/beetroots_stage1_2", "y": 180 }
            ]
        },
        {   "when": { "age": "2" },
            "apply": [
                { "model": "block/beetroots_stage2" },
                { "model": "block/beetroots_stage2", "y": 180 },
                { "model": "block/beetroots_stage2_2" },
                { "model": "block/beetroots_stage2_2", "y": 180 }
            ]
        },
        {   "when": { "age": "3" },
            "apply": [
                { "model": "block/beetroots_stage3" },
                { "model": "block/beetroots_stage3", "y": 180 },
                { "model": "block/beetroots_stage3_2" },
                { "model": "block/beetroots_stage3_2", "y": 180 }
            ]
        }
    ]
}