{
    "multipart": [
        {   "when": { "age": "0|1" },
            "apply": [
                { "model": "block/carrots_stage0" },
                { "model": "block/carrots_stage0", "y": 180 },
                { "model": "block/carrots_stage0_2" },
                { "model": "block/carrots_stage0_2", "y": 180 }
            ]
        },
        {   "when": { "age": "2|3" },
            "apply": [
                { "model": "block/carrots_stage1" },
                { "model": "block/carrots_stage1", "y": 180 },
                { "model": "block/carrots_stage1_2" },
                { "model": "block/carrots_stage1_2", "y": 180 }
            ]
        },
        {   "when": { "age": "4|5|6" },
            "apply": [
                { "model": "block/carrots_stage2" },
                { "model": "block/carrots_stage2", "y": 180 },
                { "model": "block/carrots_stage2_2" },
                { "model": "block/carrots_stage2_2", "y": 180 }
            ]
        },
        {   "when": { "age": "7" },
            "apply": [
                { "model": "block/carrots_stage3" },
                { "model": "block/carrots_stage3", "y": 180 },
                { "model": "block/carrots_stage3_2" },
                { "model": "block/carrots_stage3_2", "y": 180 }
            ]
        }
    ]
}