{
  "variants": {
    "thickness=base,vertical_direction=down": [
      {"model": "block/pointed_dripstone_down_base"},
      {"model": "block/pointed_dripstone_down_base", "y": 90, "uvlock": true},
      {"model": "block/pointed_dripstone_down_base", "y": 180, "uvlock": true},
      {"model": "block/pointed_dripstone_down_base", "y": 270, "uvlock": true}
    ],
    "thickness=base,vertical_direction=up": [
      {"model": "block/pointed_dripstone_up_base"},
      {"model": "block/pointed_dripstone_up_base", "y": 90, "uvlock": true},
      {"model": "block/pointed_dripstone_up_base", "y": 180, "uvlock": true},
      {"model": "block/pointed_dripstone_up_base", "y": 270, "uvlock": true}
    ],
    "thickness=middle,vertical_direction=down": [
      {"model": "block/pointed_dripstone_down_middle"},
      {"model": "block/pointed_dripstone_down_middle", "y": 90, "uvlock": true},
      {"model": "block/pointed_dripstone_down_middle", "y": 180, "uvlock": true},
      {"model": "block/pointed_dripstone_down_middle", "y": 270, "uvlock": true}
    ],
    "thickness=middle,vertical_direction=up": [
      {"model": "block/pointed_dripstone_up_middle"},
      {"model": "block/pointed_dripstone_up_middle", "y": 90, "uvlock": true},
      {"model": "block/pointed_dripstone_up_middle", "y": 180, "uvlock": true},
      {"model": "block/pointed_dripstone_up_middle", "y": 270, "uvlock": true}
    ],
    "thickness=frustum,vertical_direction=down": [
      {"model": "block/pointed_dripstone_down_frustum"},
      {"model": "block/pointed_dripstone_down_frustum", "y": 90, "uvlock": true},
      {"model": "block/pointed_dripstone_down_frustum", "y": 180, "uvlock": true},
      {"model": "block/pointed_dripstone_down_frustum", "y": 270, "uvlock": true}
    ],
    "thickness=frustum,vertical_direction=up": [
      {"model": "block/pointed_dripstone_up_frustum"},
      {"model": "block/pointed_dripstone_up_frustum", "y": 90, "uvlock": true},
      {"model": "block/pointed_dripstone_up_frustum", "y": 180, "uvlock": true},
      {"model": "block/pointed_dripstone_up_frustum", "y": 270, "uvlock": true}
    ],
    "thickness=tip_merge,vertical_direction=down": [
      {"model": "block/pointed_dripstone_down_tip_merge"},
      {"model": "block/pointed_dripstone_down_tip_merge", "y": 90, "uvlock": true},
      {"model": "block/pointed_dripstone_down_tip_merge", "y": 180, "uvlock": true},
      {"model": "block/pointed_dripstone_down_tip_merge", "y": 270, "uvlock": true}
    ],
    "thickness=tip_merge,vertical_direction=up": [
      {"model": "block/pointed_dripstone_up_tip_merge"},
      {"model": "block/pointed_dripstone_up_tip_merge", "y": 90, "uvlock": true},
      {"model": "block/pointed_dripstone_up_tip_merge", "y": 180, "uvlock": true},
      {"model": "block/pointed_dripstone_up_tip_merge", "y": 270, "uvlock": true}
    ],
    "thickness=tip,vertical_direction=down": [
      {"model": "block/pointed_dripstone_down_tip"},
      {"model": "block/pointed_dripstone_down_tip", "y": 90, "uvlock": true},
      {"model": "block/pointed_dripstone_down_tip", "y": 180, "uvlock": true},
      {"model": "block/pointed_dripstone_down_tip", "y": 270, "uvlock": true}
    ],
    "thickness=tip,vertical_direction=up": [
      {"model": "block/pointed_dripstone_up_tip"},
      {"model": "block/pointed_dripstone_up_tip", "y": 90, "uvlock": true},
      {"model": "block/pointed_dripstone_up_tip", "y": 180, "uvlock": true},
      {"model": "block/pointed_dripstone_up_tip", "y": 270, "uvlock": true}
    ]
  }
}